machine_id,equipment_age_years,temperature,vibration,pressure,downtime_hours_last_month,maintenance_count_last_year,safety_violations,accident_risk
39,5,70.45755724846738,0.4474042392438644,27.65429317460451,6,1,3,1
29,4,74.8006460475419,0.13285774519179583,22.859257522774513,43,8,3,1
15,6,63.432557749480516,0.5660130001625243,33.80652781704726,67,1,3,0
43,2,59.672041477376546,0.623985266479161,24.27049705008836,33,2,4,1
8,11,89.45384689582934,0.28218397677043905,32.58258642198955,65,9,4,0
21,4,56.75930126107063,0.46883570513417944,34.864982726665005,68,1,4,0
39,15,98.28619008421566,0.5075723830017901,28.12253056823891,54,2,0,0
19,6,82.25151399381741,0.6169145255899137,35.91176422045892,9,5,1,1
23,17,81.79973075516756,0.5007606152246374,32.40891853930642,95,2,3,0
11,6,80.7546866749443,0.17473612920768317,26.52069289927612,41,9,0,0
11,19,72.47314311999037,0.39401244610750213,37.00714501133037,40,7,3,0
24,2,78.9208452970087,0.5449251570778039,24.291640891303047,76,10,0,0
36,15,73.11103312215525,0.6683056684079518,28.116497850482173,68,5,4,0
40,11,80.5307327644048,0.37647267812115065,28.968425981903355,9,6,3,1
24,8,74.66313473091284,0.9375299749100039,33.026118505091276,9,0,4,0
3,19,65.49651816898265,0.12110538623260703,35.577166486905675,90,2,3,0
22,13,66.29427383738243,0.3872599649884198,35.263957784513565,59,2,2,0
2,12,65.15727624707496,0.4833932793014454,31.11874159787153,50,1,0,0
24,5,84.7090073193431,0.4598501672894272,28.598654477682167,20,6,2,0
44,6,68.82553387540902,0.2535715340370335,20.87007879186185,7,8,0,0
30,4,55.878968389151396,0.5895723495503588,23.429270727723917,64,3,1,0
38,19,78.96838665848806,0.5742188102627844,38.833277446457174,91,11,3,0
2,1,90.14517562589582,0.5095922891963094,20.819640062487302,77,4,1,0
21,17,82.73083189177527,0.5663687726517032,26.07754678378945,84,2,1,0
33,12,68.96676434778288,0.41524471771039384,35.72303141025045,29,10,0,0
12,15,59.13188284404911,0.17652740997828642,31.048566495986833,84,8,2,0
22,1,73.6573189664249,0.35667202598955106,34.64022535502846,48,3,4,1
44,14,73.40776121903289,0.5314109162818882,32.714141756353385,8,4,0,0
25,6,65.30800389686235,0.5325488829692792,37.347912686804435,16,0,4,0
49,5,80.51037302242537,0.5082758105171695,31.477136432824423,68,10,1,0
27,11,93.46626500830473,0.6097416535970064,33.317238645757556,57,11,4,0
42,4,77.22282717458285,0.3837707909099967,26.378767339708297,56,1,2,1
28,13,76.60476206998845,0.5053362114221072,32.93166487789068,61,11,0,0
16,11,65.62771951166178,0.6144185556809842,28.019369510053856,94,8,2,0
15,3,88.97414703060372,0.48302203629952933,27.734470660096438,51,1,2,0
47,1,74.24855833189983,0.25133521431878025,34.473617573235686,60,4,0,0
44,6,69.21036744805829,0.3077023260688925,34.50811688029682,39,7,2,1
3,18,75.63688393651616,0.6661704648558734,38.442210778730654,37,2,3,0
37,10,79.7196133324661,0.7784944325885146,38.116315927431,42,5,3,0
7,5,76.39215408644903,0.7350566215648098,34.586575806793874,62,3,3,0
21,10,87.06153395670592,0.546431189948407,21.397771948816438,18,10,4,0
9,12,78.83971552546862,0.25937347959666146,39.13840491474848,99,6,2,1
39,2,72.16058189117466,0.4987296886454263,34.589838353331814,49,9,0,0
18,13,79.0119221632689,0.8124510263900844,26.170699549568486,32,2,0,0
4,8,79.99637101125957,0.6236976760912951,33.64454577781391,12,5,4,0
25,2,62.03624080736158,0.45850449546322547,24.81367129518636,77,11,0,0
14,1,86.49419728263715,0.6257250465682433,33.09315060054871,96,9,3,0
9,5,71.99095980638641,0.24612095867687905,23.418649794629502,61,8,2,0
26,9,72.2467677649457,0.3608657244303596,25.958907956066817,92,10,0,0
2,17,82.51375987075946,0.283161721795535,33.54964564600263,42,9,0,0
20,9,82.47165224259581,0.5939143636696865,35.36443371496447,48,0,1,0
28,11,67.99168321133914,0.6428206999440185,31.62718429716905,35,2,1,1
47,15,83.02901618145685,0.4692347945603267,28.569156816560145,9,1,1,0
7,6,69.39551848510476,0.3254140646520868,19.425668524915046,94,7,2,0
44,3,93.19573046698656,0.49605018129307454,28.9548945017432,5,6,3,0
8,17,66.71806018734236,0.4026840218652385,32.66742538412264,56,1,3,0
47,5,77.39477461705897,0.34076585906125106,28.416174470321764,0,5,3,0
35,12,67.17982363092392,0.5677987370618492,29.887110294527908,70,2,2,1
14,18,97.22695629135075,0.3484015554962653,29.071912660410398,57,7,2,0
17,14,62.62179055912884,0.18673005340718146,28.391468910892833,90,9,1,0
36,11,80.24362747252911,0.23117710592736262,30.379386949799063,20,2,0,0
40,9,67.650895855222,0.17934790663681005,28.636527089237696,91,9,4,0
4,2,71.45892358552013,0.5495023833152409,37.21644776815971,79,8,4,0
2,12,79.53537833745176,0.5300810876352328,18.967905758081336,55,0,0,0
6,3,87.24584437626143,0.5201040189016324,27.270787070144614,86,4,1,0
42,3,91.23396562299045,0.6175463304959885,25.648718882413874,19,2,0,0
4,1,59.630520399736795,0.7383917712234234,31.09555300017205,53,5,0,0
29,8,77.67751224364463,0.38154669383497697,30.385723929415633,24,9,4,0
18,8,89.59493603383521,0.5812954954476837,38.110965507747146,27,1,1,0
26,11,58.146890612380595,0.18407689851882458,39.75571024148897,4,8,2,0
44,9,78.14383494054847,0.7757419492526701,26.134582722147595,20,5,4,0
34,5,74.97916202579816,0.2510337523563686,30.002500325168146,17,6,2,0
10,14,79.14541814379788,0.35798377619191246,30.981522084621776,46,4,1,0
36,3,67.27695974673524,0.38045809725338153,26.01093125831332,69,8,0,0
14,5,60.6438117178656,0.19474580065555758,33.14191018018811,56,0,3,0
31,5,55.86893574820975,0.5065151154817124,28.80246315617528,92,4,3,0
48,19,84.76383953462103,0.5427807736402963,24.66182574699511,18,10,1,0
15,14,86.04049136483354,0.46211726580369006,28.602158478667285,96,9,3,0
8,4,78.02685348995986,0.19195047359378464,25.011627136296756,64,10,2,0
14,13,69.65851650311903,0.8966772469703423,35.18323414709628,2,5,3,1
23,10,58.769541065342544,0.6098461593003296,39.50779627556835,41,6,1,0
40,18,80.63345462505023,1.0268444087299917,31.224096869472696,20,11,1,0
21,8,63.992207171633154,0.3389781520227415,30.556383840266378,98,3,2,0
16,8,67.88701375239462,0.6915764456353953,30.76217383437093,39,11,3,0
45,7,69.13435920437281,0.6558547774788327,35.911170144691575,66,0,3,0
18,8,73.02464774303031,0.44188497938052756,35.80349501798592,24,10,0,0
47,14,67.40959552791352,0.7822101802118449,29.421732157258845,54,7,4,0
24,19,75.33458770992303,0.4189179984772443,31.262949636895456,83,9,1,0
26,6,68.7818169949361,0.4278217161150786,33.263232035885395,51,3,0,0
25,1,82.01373064839223,-0.19428597838767658,24.311562717246332,43,2,1,0
45,15,85.31062913988053,0.5818056107485274,36.063041187102286,97,11,0,0
41,1,76.08542676028438,0.2348980176635187,38.67415945613614,84,6,4,0
29,17,79.62626335381103,0.38985576086089774,35.82516052419729,55,11,0,0
15,1,96.1785594962589,0.2947560722509945,23.772030441927225,54,1,1,0
45,15,63.273967431386836,0.4267536921363477,20.14999772290563,86,7,3,0
1,2,62.665318987198944,0.5887760460434871,33.54359336758966,69,5,1,0
25,14,81.94997900776875,0.5022283126097515,26.19905275518957,76,6,2,0
7,8,94.46542837514765,0.6419282581011614,31.43566677061493,86,4,2,0
9,8,72.39501438061278,0.7531259071171263,37.67574360003774,72,8,2,1
24,19,92.26833842218761,0.4262408126644329,26.71522411800795,80,4,2,1
1,7,75.9643371879349,0.40428655159677723,28.1122267179552,65,10,4,0
44,19,68.19112717960918,0.6915455307324019,31.38361486294158,18,4,3,0
8,6,65.09307611362297,0.7074094577479859,23.512451800088847,82,2,3,0
24,6,81.29413584886788,0.6481181736206094,26.210719019970618,6,10,1,0
11,3,65.85040932217304,0.3095642386521301,30.124287518756347,62,0,0,0
17,7,75.81276842767028,0.5845310131003207,28.497725655911243,41,1,1,0
8,19,90.83465025384093,0.5218941208094579,33.04203876899613,41,7,1,1
35,8,71.9321960712863,0.7105057882699326,43.829898072196336,58,0,1,0
35,10,88.14009474643899,0.38542558209245026,30.495691697090624,19,6,1,0
33,15,62.85456510273593,0.16667794177001677,25.791440269809954,72,4,3,0
5,15,69.660908986832,0.6380473600760546,37.09120177378782,16,2,0,1
42,1,60.92855973785083,-0.011673676651420495,22.055907623398895,26,11,1,0
39,7,75.72996755973358,0.353697319220734,23.055459144854463,46,11,3,0
41,4,82.80078179716583,0.2953608977363411,27.024482806761384,1,10,1,0
28,6,75.75187087606186,0.2940130658188506,28.585566397401873,62,6,2,1
7,1,87.27050059970152,0.3501937058089809,26.904636317413956,61,8,1,0
9,5,67.5082075937087,0.7434747139503259,29.842438377884886,99,1,1,1
8,1,77.25342753689067,0.6641110838012746,31.373709513731725,18,7,4,0
12,4,69.72530676386144,0.44965386360149895,35.34479767637569,16,8,2,0
34,2,78.61676585423655,0.7267246943718099,30.455941369218912,68,10,0,0
33,10,80.03736046212425,0.2875405689667252,27.190268761524493,38,2,1,0
48,5,80.82395959984063,0.2603433228505684,35.07322693219706,81,1,0,0
23,10,64.29405661764397,0.6727193318493181,25.911422621349345,70,6,2,1
24,1,66.10253898213432,0.6159286458645294,21.836986271563383,80,4,1,0
37,6,67.95712291808812,0.40794731968333536,36.02978008952271,38,4,4,0
35,13,72.61119252133403,0.2729078212603739,35.70926622405486,35,9,3,0
44,15,75.8718640420643,0.7919463750075881,26.03850803897947,39,4,4,0
40,4,82.08089121856676,0.1559794898104363,28.00450573089537,44,3,4,0
22,13,66.51901300660768,0.38031481293128794,25.415362273350354,3,4,3,0
27,15,58.989807022982475,0.5457153055035795,31.63312108782567,24,3,3,0
35,8,96.5574316320679,0.8604329616862891,38.66024645684041,68,5,3,0
1,5,63.685469793475704,0.576620042414644,33.51440899297561,29,3,1,1
35,15,83.36323722995552,0.5960609306026597,35.17862321291516,75,1,0,0
37,4,75.31266877248675,0.38612325997037455,34.09864165845506,67,8,0,1
47,12,77.5130564080638,0.6136960450549197,29.99940425720453,87,1,3,0
14,13,74.98449494164097,0.5210618641758173,35.41670218955658,28,8,4,0
3,2,71.15158118052875,0.18230709191648836,33.725152814564,72,9,2,0
1,19,79.63972282923459,0.6585869706986214,37.19722857576568,67,5,3,0
5,19,70.61412793742704,0.6940786779693703,27.702255294191218,50,8,4,1
26,4,86.6630274723679,0.6606730097642326,21.309441802273067,23,8,4,0
14,4,80.68441006256154,0.5066655851331604,35.22625507436539,13,2,1,0
39,11,80.99594113281493,0.30876462337007055,31.748847603030292,68,0,1,1
27,5,69.9287693994341,0.03816325374302687,28.51976949839382,17,0,0,0
9,11,72.63645262911004,0.5314107210802901,28.799235938462544,41,2,0,0
15,10,63.12087191357935,0.7163884119481698,42.77343162951058,56,4,2,0
15,8,71.46983943274438,0.6991064938166162,26.789026737328644,82,2,2,1
26,6,64.63424083643703,0.6632145686787696,25.733483465868332,11,11,2,0
42,6,88.13068515588715,0.48515780429012184,30.42642116746676,81,8,2,0
13,8,75.50535815594006,0.7174928348062994,35.90245438986481,16,8,4,0
32,15,76.7049723504043,0.6848323647711806,41.39200993264614,29,2,4,1
39,14,72.74853472649978,0.4154732878556884,33.286824816947856,87,2,0,0
49,11,76.97578922051407,0.6353196033231695,23.64795628010285,74,11,1,0
32,12,99.64877635857684,0.3928081709181417,39.85432135358899,98,4,1,0
4,13,71.99859715607509,0.6080048463233845,29.902656504614516,22,1,3,1
30,8,68.49586965290007,0.24017667113978658,25.811452840525153,80,5,4,1
37,18,80.29693132905443,0.25555763826541567,24.60303771450323,0,6,2,1
23,1,49.74281366397512,0.7116414093887815,34.18164359667728,78,8,2,0
39,15,75.63956786910933,0.6875120244409529,31.19414693093207,31,5,3,0
45,8,71.28287096707099,0.6267223081151663,31.725376884729254,8,2,1,0
15,11,65.07686733963905,0.5175937642105661,36.432515595359654,14,11,2,1
43,12,80.077576703115,0.0217451137951703,25.98922704245178,27,4,1,0
29,12,75.53988418445793,0.4850248123587021,36.83077314136824,23,3,3,0
36,4,56.97591092505783,0.5908366334379677,27.40421338603155,59,4,1,0
13,16,68.53470478807563,0.3930533504880817,40.82003686956178,34,7,1,0
32,4,46.11728794807276,0.3575011614383525,32.993695079965704,85,7,1,0
7,5,77.93269314133504,0.7888840776307384,25.398807351118116,26,5,2,0
22,5,77.83299418440157,0.4879422017216776,19.8729095833976,82,0,0,0
28,8,67.06718106166326,0.590959033928476,34.04462361139505,75,7,4,0
2,10,80.40112711683126,0.654826292323873,28.12909862004908,19,7,1,0
42,17,62.175013788784774,0.29971258469898443,29.222171527390824,64,1,1,0
45,9,65.33482974065006,0.5386414845428388,33.83098004587053,84,3,1,0
6,19,79.17190464382564,0.76392889889546,35.052069131253276,48,11,0,0
28,14,68.11333245037056,0.8638446366599443,36.118551703346455,0,1,3,0
28,8,74.37343043797556,0.5079872794429381,24.12579345808532,9,3,2,0
44,9,69.36350972573658,0.45241129053058504,37.12947374812295,46,11,0,0
44,11,70.89068843700815,0.5538048136275067,27.104773319159253,58,9,1,0
20,1,71.32775784045008,0.5487274094055042,18.718750326258867,95,6,0,0
30,14,67.93243242781823,0.7773516132262307,24.10779826569977,61,8,0,0
11,5,78.02449714360124,0.3007216621665866,31.090125460662826,85,7,0,1
28,14,68.72071513246051,0.44402538276679565,25.105928769594303,17,11,3,0
25,4,75.15686713795603,0.27657173462469786,29.55977765411978,45,8,4,0
39,1,67.71268318625597,0.2975810228404846,31.691262437645893,31,7,2,0
33,19,59.65701373615541,0.5753148030278249,29.09307298445357,26,1,3,0
1,8,84.12435249259167,0.6619715683274053,27.528228310716415,91,6,3,0
27,15,79.99526985095409,0.37012166125125096,23.74651968505887,17,1,4,0
13,15,97.88682068797672,0.6544189577950579,30.109719041076662,38,11,3,0
41,9,64.56027160001742,0.7223157314263936,19.675213062076324,48,10,0,0
3,9,72.91039512667969,0.8869411996866781,26.570009791402892,92,1,0,1
39,10,73.71492519144194,0.5139493697682098,25.361079454696196,81,3,1,0
6,9,84.89369438282131,0.37204709451117335,28.803115742455425,43,0,3,0
8,3,69.92892105867392,0.299505613678821,28.933351003453655,71,4,1,0
27,11,63.28958145824146,0.2796413604160213,34.799783372168726,53,5,2,0
9,6,87.07809308461002,0.7499561402807213,37.917386386248,94,8,0,1
37,2,71.83349970738772,0.1969809314088699,24.41110579881515,33,9,2,0
33,7,83.78643509726044,0.74354969713024,39.96416312635015,70,7,4,1
42,18,82.62198400792211,0.32631179414957023,26.10352200239284,35,1,0,0
44,2,74.701095260977,0.3629587604281188,30.86263391461545,17,0,2,0
24,17,73.25686294965251,0.4696889089980041,32.55431494574159,37,1,4,0
15,11,71.08435193670195,0.3592690900866977,42.222913762912526,58,6,2,0
32,12,74.8480687123001,0.6863959509919151,27.28858831118668,8,3,4,0
32,19,83.63100226170631,0.8626687903965551,21.01630993510973,72,9,4,0
24,7,67.03559818940421,0.36851356848937245,37.451897350964906,71,4,0,0
41,6,76.0884563020912,0.41355243216707466,25.833132206022825,50,11,1,0
49,1,63.813685718011925,0.4673358385432203,28.192057097122035,34,6,4,1
49,17,65.05893766957807,0.6082113526985276,24.411251730369123,81,2,4,0
12,11,74.69061002844376,0.4693031442088287,28.206481134755407,4,9,0,0
39,18,55.39841991706168,0.7774514822105192,25.798042318972797,13,1,1,0
2,17,95.60558616616052,0.7293247833123855,33.38220908247386,91,6,3,0
3,7,63.06940045089764,0.26290752928097993,30.403958148609895,29,4,3,0
49,17,74.59911487343446,0.6041936331149658,26.594724196926606,3,0,1,1
37,9,86.68217721816865,0.8040678474619005,34.979359883294634,38,0,2,1
49,17,66.37094661249502,0.4010438108466233,31.274983753372993,83,8,0,0
17,8,51.973030104552834,0.44114702564128866,20.769758747779722,63,4,1,1
49,17,70.55054239875328,0.39439260042940893,34.59851657042151,24,0,3,0
2,7,66.25179619923881,0.39858487689529887,30.924339419263173,27,6,4,0
2,1,52.23626491407998,0.1663096896177904,36.95366243795771,75,8,3,0
28,13,77.84889892572198,0.23433700970698984,30.619587131713224,65,10,4,0
23,19,77.07093862232952,0.515494743747446,26.041453247162025,77,0,0,0
37,19,86.42326454538352,0.8027195949305557,28.978523333490816,21,9,4,0
32,17,63.791776344796126,0.3773278374963434,34.0195966544036,30,3,1,0
33,13,59.00863513552987,0.3714485394102884,26.146314701495687,22,2,4,0
1,16,70.93276916953417,0.840304214084147,27.798516064462206,47,4,2,0
19,8,74.11657340990905,0.27834850763680263,28.891557100004665,19,6,1,1
2,19,84.21349602986496,0.1677513674587156,24.253141948920636,37,7,0,0
44,18,89.10568005005159,0.33429691277250007,26.218382876857127,54,1,1,0
26,1,87.14479133907346,0.3674431042411268,30.86275095902095,67,6,2,0
32,14,77.76543666892667,0.15050938306098693,36.01238873826504,78,0,0,0
6,19,82.99499253504148,0.4743916587450777,31.585734923552376,87,6,3,0
32,15,68.59506565230816,0.6896892699723071,29.770693703154894,88,7,2,0
4,18,76.68395192475246,0.24280904525703473,25.843646130238447,0,1,0,0
11,2,63.08709860712194,0.5175156437907178,35.47580205860116,6,8,4,0
17,17,75.62685396886873,0.5791871351253546,32.16752749973421,56,0,1,0
38,18,75.88646697398012,0.4833231449451414,26.466351182403802,94,5,0,0
24,6,92.22128605684969,0.5371385179482119,34.4932422934245,11,0,1,0
5,19,72.71017138509754,0.5394654525190422,32.797885307552335,4,2,4,0
34,4,75.90042837653286,0.3374544086163136,25.93234825316882,49,10,0,1
6,1,77.36961415712042,0.7997165144023737,29.493108718679,41,5,3,0
22,8,70.45179684111547,0.7495513668152431,27.536136358785317,11,2,2,1
11,7,66.97507266788352,0.7379822794482336,43.16768970015802,17,7,0,0
48,3,87.98811324847053,0.7027351481087727,32.65872441562829,65,4,4,1
16,10,65.19082557039702,0.18500410611339518,30.9338102742412,73,1,0,0
33,10,61.72081928312727,0.6852124755623932,32.36331528038357,78,3,1,0
9,19,81.8026537929548,0.6311202855099016,36.89581294098749,93,8,0,1
6,14,86.5781484202401,0.19269527701124334,29.583099277807673,16,3,3,0
16,2,70.4859034239936,0.4570179289699844,27.05045351067122,67,9,0,0
29,1,70.6394651235012,0.5553586898650577,34.22141614048709,70,9,2,0
3,18,77.82543526106794,0.832863419624927,29.12527716999344,61,7,0,0
20,7,67.92147323256816,0.6449447715788518,24.650523354597482,40,4,1,1
36,8,67.18287479388032,0.32708685454433967,23.676567841219708,94,10,0,0
19,1,83.79592587986366,0.8390776916903926,37.64648275419766,33,10,3,0
26,3,81.07131100783619,0.5087559525427778,30.658222834596423,69,9,4,0
3,8,88.11158886318105,0.4488317726193817,27.052163080037992,44,0,0,0
19,15,62.47410987634504,0.43457636068223754,28.828325444789684,57,6,0,0
20,5,69.97537513089384,0.17528895239537334,34.037223590041755,50,2,2,0
32,3,77.81179562269453,0.47804609923677155,28.532972420789775,33,9,3,0
7,19,65.74379150225633,0.5994970514611315,22.752901354112907,43,7,4,0
41,1,81.4168743715465,0.42292333449495684,31.629204260739623,14,11,1,1
33,15,87.24627087226332,0.5840904954495116,36.04173908786782,77,2,0,0
40,8,69.16642027772652,0.32712178581716383,35.70732158986125,69,0,4,0
39,2,75.38591940227033,0.47181441714447603,27.203350309313773,49,4,1,0
18,3,89.55618690081117,0.5633080653217264,36.345863282291894,31,1,3,0
40,14,92.99271575019,0.5379321754126841,31.064749868358113,66,10,3,0
1,14,82.45801251060404,0.1789069820561907,36.205736719393634,2,3,4,1
11,11,80.93429173193609,0.4121988098257543,32.86843515001277,85,0,1,0
28,16,66.46263465315089,0.8354925860625213,22.39201578683665,85,8,3,1
25,4,78.59209400457841,0.40151078513389643,38.73369468754173,73,5,4,0
23,5,80.56820840774998,0.5031615088223679,30.258919255994766,50,7,3,0
31,14,72.89629841438955,0.4826488498902111,32.88396911956909,66,10,3,0
30,16,69.05223745444337,0.8136479517839303,23.27977685764078,75,3,3,0
42,18,62.18702326523145,0.7580736244389341,32.52663250039033,92,8,2,0
35,7,57.62270244948708,0.6615061999637619,35.5146386637133,47,1,1,1
7,10,55.52116486678837,0.30535153732549325,39.67660168299202,16,8,4,0
16,7,80.79442572867262,0.571836609838416,37.00199897397641,6,11,4,1
26,1,76.47699325226777,0.6135883486150264,32.771123519730196,12,4,1,0
48,19,70.16188868458903,0.3602790328807891,22.27811323325807,65,5,1,0
49,16,71.6854370227536,0.3258965788304622,30.661363952487108,3,2,1,0
2,19,77.10470541530485,0.841002829441406,27.03745217393535,9,3,1,0
1,4,73.35436928991406,0.4398393375566142,31.174889374081236,87,5,0,1
48,18,61.59446819996172,0.8229953637822297,23.918370836024504,16,6,4,0
12,2,84.130002202743,0.6994187510989067,28.949165461040494,51,0,0,0
5,1,78.0412617066981,0.5815753564750643,27.414084580969657,5,6,3,0
37,15,77.65898479813848,0.5905062872718969,27.259168220153768,82,0,3,0
32,5,83.37562703358373,0.21991608793384648,27.30881907004423,68,4,4,0
9,11,66.86354643940325,0.5413549559668833,29.320726418058776,95,5,3,0
41,10,87.13731437725842,0.7834040825963253,31.43097379524011,73,1,1,0
35,2,73.59957148057762,0.6362679006371218,17.507532060642745,8,9,0,0
19,3,83.88598880330875,0.5308673374128821,18.11783571831068,90,8,1,0
48,12,82.34449033487655,0.8423874391634061,28.306543300390626,76,9,3,0
16,5,64.61198171997444,0.4629918554678392,29.01115477647193,82,5,0,0
3,5,80.02900404914136,0.37608886499566313,30.945556083019703,20,6,1,0
20,6,78.26274670846685,0.5307663832156514,26.361638225718877,23,9,4,0
24,9,75.30311657494342,0.6532934736223193,30.04732597011341,3,7,1,0
33,2,74.05628249964619,0.1564411808383478,30.632616025090275,23,10,3,0
24,12,74.14106750282208,0.5569737286980835,26.327209515672642,58,9,0,0
11,3,83.12689425643995,0.662069003107262,35.067279108705506,98,0,4,0
49,12,80.7791051379151,0.4460716749406278,30.884931557275305,2,7,0,0
8,17,75.30478850265665,0.7213929532605283,32.73480547731645,67,3,4,0
36,10,60.080638535286255,0.628237332482214,30.344228656419265,39,9,0,1
38,14,79.94443414083618,0.9282766237022155,40.5183655153086,47,7,3,0
40,17,82.23613619177779,0.349879420483757,32.98198534558827,53,5,4,0
20,18,98.0041008544697,0.6661419700992179,27.560033418963872,34,10,2,0
35,19,85.75433063105038,0.296535218440519,34.104834421842,94,8,0,0
48,17,56.008236120845325,0.17692670974465474,21.81197541271664,55,10,0,0
25,14,75.78429399018643,0.09289383143642538,30.598001313335523,88,3,1,0
35,9,93.11375028664982,0.6076648044793853,31.595801450459952,39,1,4,0
25,8,81.23548856901637,0.5368495827888206,30.65510381039349,76,1,2,0
29,2,78.2865216037321,0.40418978852764925,28.331105645805565,67,4,3,0
18,13,84.00228658915236,0.14529913321007737,24.938633215814924,45,9,1,0
46,7,68.77621805009197,0.36192267477226475,26.053264939745187,77,8,2,0
18,9,79.78089996627456,0.5008186015350913,30.510374581236917,12,11,4,0
2,11,72.4953196100809,0.6586338733586196,24.432403837860036,26,2,2,0
35,14,74.80376514189525,0.49669284995047486,38.850838078236364,5,7,0,0
16,4,83.28454515695107,0.5504120685410556,16.79551160328147,16,3,0,1
41,13,65.73286897507819,0.42477352380517286,28.38281066227698,35,5,1,0
36,2,87.87982473801938,0.8498448405054309,30.551948195538486,98,9,4,0
33,5,70.77188038914457,0.2963500711343544,32.537104639166444,80,5,4,0
4,11,77.60662833150407,0.36015235654297445,25.420376363687865,1,2,2,1
33,6,60.99492039725057,0.4015283852012974,35.67147396944106,76,4,1,0
14,18,82.1983729087139,0.6085408795953449,23.030844780935386,51,11,4,0
21,10,89.46503935946578,0.29222804204262387,27.16935705696216,65,2,0,0
48,4,69.85358450781852,0.5271437181095997,33.10373777639712,51,10,2,0
20,9,63.897766134904,0.5329820286853114,35.20094282396376,91,10,3,1
8,6,77.77983064742709,0.36112840585332395,22.97999351809451,42,0,0,0
7,2,89.54810644991743,0.5659958921913714,43.225183952075795,89,6,1,0
3,17,60.501434345190944,0.29843722025251374,25.51254218416395,21,3,4,1
17,5,63.93691818771658,0.2765851715076508,23.439087612361085,54,6,0,0
33,6,70.45810441688484,0.5199211513042882,32.51357445886629,66,2,3,0
48,12,66.79656175469304,0.1680488829043874,28.258532732092714,98,11,3,0
12,10,66.82814533391004,0.07103945948995238,27.519738437301278,59,10,1,0
22,6,54.05879372336223,0.6065666601593601,32.9782202878486,57,4,0,0
22,8,80.89056947405868,0.709793988518234,22.363521547860955,11,4,2,0
46,2,78.38720502869636,0.40663937626149416,21.489328000126488,87,1,0,0
30,12,58.01150800196355,0.3663858695804459,27.01288317428386,68,10,3,0
38,13,89.57195759956247,0.701107045194912,35.38950869726663,83,9,1,1
38,7,91.81092314930487,0.27089235640021603,27.22972353293608,38,11,1,0
45,10,67.49094450219886,0.22732547505576833,37.99578342264307,12,1,2,1
8,13,86.66548590977006,0.6415272847416975,36.00507380585945,40,3,1,0
27,17,69.27002195009054,0.5018076373024615,31.414730922537423,56,3,1,0
27,14,76.8111651021106,0.7129753478580476,31.698619296873783,52,3,1,1
34,2,66.64237864979091,0.07194682424440413,31.41001312508428,11,5,1,0
21,11,97.14251523462275,0.21986520177628738,30.7985886434105,12,1,1,0
30,1,72.03982772670102,0.5028664119688313,28.168791512609104,73,5,3,0
33,19,76.26449022823462,0.5835347396967573,28.749060833964187,96,6,0,0
28,4,68.12062612536172,0.6693994175378917,24.65019921703709,56,10,4,0
47,19,93.61315597236394,0.5349635537617555,18.9497860535491,39,9,1,1
33,11,93.8661464608941,0.5329310310717138,35.52035304641025,79,2,4,0
5,8,91.3092918126294,0.4221196913939603,30.78629218392649,44,10,4,0
48,11,84.56440348347621,0.8181809809809035,30.03105677810893,34,11,3,0
19,4,68.75210453065948,0.2793953089059004,31.9922456142894,2,7,1,0
4,17,83.27850095962418,0.5718040305111878,25.858012726031756,4,1,4,0
35,7,74.92957201075265,0.30243823308239604,24.994688933077835,89,10,1,0
49,8,88.12408621742632,0.6069557091610019,28.581576531609237,10,7,2,0
17,3,86.15902053365362,0.2925964861224467,36.84049240881906,70,10,2,0
44,2,68.50734421924075,0.6487631397000917,24.15629485753437,55,4,2,1
28,15,84.47825802837217,0.5224209893649034,16.86467321595917,9,1,4,0
30,5,81.82034450043926,0.8489278346517364,27.392994540906237,33,6,2,0
29,1,47.26437137086552,0.4437960705456829,35.71349958117592,66,1,3,0
46,4,83.00936639629462,0.5849932232495091,21.33727987822823,71,5,3,0
6,15,70.68204211359794,0.344068743907858,24.09858198088564,30,9,4,0
35,19,66.13957545668326,0.4424213987117411,31.317733702890845,74,2,1,1
41,3,66.56739395706258,0.5211498958888706,42.84953517737667,70,8,0,0
37,11,73.64757104367969,0.19455601550572516,23.208941657369024,65,2,1,1
24,17,79.80059580086683,0.21647521316304558,23.015329542660204,69,10,1,0
29,13,61.3453797780782,0.619971859967129,31.693491844195925,40,11,1,1
49,11,76.89847836212465,0.4707826356936641,36.02337219996852,62,11,1,0
46,2,80.76758066193072,0.38141469339039563,26.87950643837145,31,2,0,1
31,9,93.61805783669632,0.35260276391664885,21.893029219389156,19,4,2,0
35,2,64.2330983077487,0.36030224085526125,32.16874610443173,56,6,1,0
33,9,71.50387813222196,0.5225101430016458,33.07420698651487,97,7,3,1
21,9,77.61662972696479,0.589007172823238,38.89327563269124,49,11,4,0
32,8,86.47409330191606,0.08157855407495518,33.284735561621396,79,10,4,0
23,17,71.95776118828186,0.7825668113539784,34.1403303818619,24,6,3,0
33,1,86.98641371991052,0.7683401525883986,28.68927428066047,11,8,1,1
3,11,55.626376835235405,0.03386904729062007,42.20752171084734,70,4,0,0
18,8,62.46651806878114,0.7171853392645595,28.00928994705765,38,9,2,0
25,10,78.48644344334221,0.7110437702662085,26.94038939294115,16,10,4,0
42,7,60.89175501912125,0.5000890988375091,39.04757459259304,44,2,2,0
31,3,63.25529473233283,0.24056627562302474,22.62881360552295,10,5,0,1
3,3,69.72223135754061,0.7030456183330145,20.762958077360423,69,4,4,0
40,18,82.71438991915824,0.4517537867405297,30.597784622992425,22,11,2,0
46,5,56.04035158692711,0.6097757687637912,29.991317383621524,90,3,0,1
24,12,76.70298362162394,0.9438402543923556,28.86056009224669,69,11,2,0
32,12,85.32963947152805,0.5503673501247237,34.96964878560826,37,1,1,0
47,19,73.05054791571041,0.3166230616562876,25.458969088557147,1,6,0,0
22,6,71.3116977040746,0.43285380101605564,30.32083562812337,85,4,2,0
23,2,79.01771282558573,0.3421109279518024,28.199470236809066,83,3,1,0
2,12,73.0788894727856,0.5866979434897045,25.543907499466247,88,11,1,0
27,19,88.90499781240747,0.33878648825003904,29.690799580196582,78,7,0,0
42,5,63.885869878655654,0.40542971553007134,34.26297901647551,92,8,3,0
2,12,74.48355844834916,0.24311392511848,40.60284060215251,71,8,4,0
26,17,77.05686374960685,0.4735825988961713,32.89709491449484,36,2,0,0
17,17,71.2154594815354,0.5353509586604099,17.44582499299274,48,2,1,0
40,10,46.287173370425386,-0.03695760942349846,29.809299572791755,51,4,1,0
33,17,73.39095091950807,0.5519147122960442,30.24901395451416,32,4,0,0
9,15,84.00176986912466,0.4908599537806441,34.68104504789975,21,9,3,0
43,12,82.78109186126018,0.3470016102487745,30.924051512448695,4,1,4,0
48,16,78.547784821702,0.9057257848539746,36.265444586510384,17,0,2,0
39,19,64.02137641650776,0.6916953055209509,31.958353078076357,37,7,0,0
29,8,78.95309462458484,0.2807195027697197,37.79399034748944,36,2,4,0
42,17,69.26562178457762,0.6676473759142281,27.80627039975853,93,0,4,0
26,5,78.53482905948667,0.7488996152042116,30.72171733648347,94,0,1,0
35,16,76.21505011401716,0.5264041845235115,34.13320767694948,63,10,2,1
25,6,65.23624728716628,0.5722884073894651,27.139029648532784,9,1,0,1
24,8,66.07544160643096,0.5676693333843181,26.04993598959462,78,5,1,0
13,18,78.55022454421517,0.08283682821534222,26.853239501566573,41,5,1,0
7,12,72.78886904711499,0.46262608062992017,26.253921914555388,47,2,3,0
36,15,66.59718569342871,0.4522174316031943,32.612809604376636,43,11,4,0
45,9,65.77169810273168,0.7860311273119757,20.82595985182722,81,3,0,0
20,13,71.96169152013785,0.5667455727123746,22.220149868410466,86,11,0,0
1,15,90.6810479471821,0.44047780757666105,39.313732461786316,96,1,0,0
8,10,69.73921967788041,0.4819750518017977,26.374516395129113,15,1,1,0
46,16,74.85980461742412,0.7046771163254802,31.000074255858742,53,6,3,0
16,7,76.0164428768951,0.4630830673509369,22.554267910504358,34,0,2,0
14,17,63.68973608508057,0.3603608933816782,30.47062133894638,97,6,1,0
12,7,57.37167516157305,0.4448595614158267,26.40496666159298,27,11,2,0
23,14,64.7335926526427,0.6881392287645365,22.18455250919793,1,11,3,0
15,15,77.47077377806303,0.5992329811195872,36.684602187823565,93,0,4,0
28,7,75.8733105791541,0.5088535946698227,35.91282863530436,12,5,0,0
34,9,82.02406569151066,0.538307859888966,29.463226046429916,40,2,2,0
2,19,75.96749894959116,0.3880515052809036,34.99709516338956,79,7,1,0
32,16,73.90450708530797,0.46121011991146926,39.516463438635796,58,5,2,0
23,8,68.95987725074873,0.36733913564509657,33.77037966579044,68,10,4,1
22,18,83.84606789862693,0.4410441431400513,32.398398697549815,91,1,0,1
25,18,65.80819861279284,0.769235652725325,30.994748482416547,52,7,2,0
22,7,63.89600482703979,0.284425637724562,33.247486824296196,44,4,4,0
22,3,80.67055517388103,0.362256466715417,28.180403032551816,19,7,1,0
49,18,61.66842689346345,0.24914022741284964,28.616820654192768,23,7,3,1
42,10,99.14790998658631,0.20581824856248032,32.25445687606258,60,5,1,0
6,7,75.79993380559144,0.4626456171609417,27.630675649202356,90,1,0,1
15,17,78.47906116324886,0.37647816363984266,28.17100163603249,93,7,1,0
43,14,66.91580175476614,0.8523377861584385,30.000933323174866,57,10,1,0
37,3,71.84735155758453,0.4434306907644413,35.75303775296535,26,5,1,1
33,12,70.73242883117646,0.7578793726860049,24.336681232201762,25,5,1,0
8,13,69.58165012331358,0.6936012949881267,33.795892513526304,6,7,0,0
44,2,81.32961751509826,0.4582091689551972,33.95898206401735,41,0,4,0
44,3,70.50423961774719,0.9220271164171245,33.92906004648405,46,1,2,0
5,5,85.1750122908418,0.5537067972929618,25.966268098952554,52,11,3,0
39,11,101.63182350119824,0.8026018532007978,21.536591922445314,58,11,2,0
4,8,72.0445875985345,0.7793193783162529,32.798502362057114,37,8,2,0
6,12,76.52315513576625,0.5829295970209565,30.93769392206981,68,10,3,0
45,7,78.79482057165508,0.6502261695611702,35.02188317381566,86,11,0,1
32,15,93.11504812593517,0.6248142830238952,26.49731585995231,91,7,3,0
30,17,74.17352214961811,0.27114771372165836,33.800591881281804,97,11,0,0
47,4,66.70983080341637,0.5114580708906032,35.27206056109706,52,6,2,0
35,13,62.33659494374296,0.714849446788932,29.52345139475325,14,6,0,0
40,18,74.42016052567766,0.8052372634723324,32.08464751632408,95,4,4,0
16,1,70.51619780946118,0.35587206563361007,31.909832287620475,25,1,3,1
13,16,95.10009289300001,0.605766260362604,25.892652354851748,47,10,4,0
42,13,92.69862420676967,0.5301740426555069,32.65548301142304,94,5,2,0
30,10,64.65627172076402,0.47642518708368087,38.11249170450507,18,9,3,0
19,12,67.89239896450822,0.5712005258450052,30.111019672713184,8,2,2,0
17,2,75.73770107886887,0.5435994821332275,22.695375306741713,63,3,4,1
19,3,88.97226422558762,0.6082815137745177,26.56386734542995,92,9,2,0
28,10,75.57013136371052,0.7883433521900105,21.102852755741864,53,11,3,0
26,2,68.52759362011953,0.6568255181729401,36.45130564523032,50,10,3,0
37,13,74.41118190097275,0.5621182517745406,33.82052648164047,38,1,2,0
26,13,68.71515136103953,0.8729250113646159,27.493153641660907,3,1,3,0
23,18,81.02477209439482,0.7219859191760671,22.90970039015532,2,11,3,0
9,3,67.90966288335295,0.48152031227933034,25.83352520878755,63,7,2,0
12,7,69.89563947573033,0.25657591952941894,26.808615171514262,28,7,4,0
1,14,86.61933813456096,0.30243386381590687,30.547037995100293,10,9,3,0
1,17,67.31635052685928,0.6866464896631268,30.3787967159919,96,5,3,1
47,12,60.53871967439838,0.37393750414940374,36.707159876868516,57,4,3,1
34,16,75.94993751356304,0.29838890457761036,26.536225711509786,74,7,3,0
32,12,71.39526595795404,0.3483829346625601,22.459060728230355,26,3,2,0
48,15,80.11415500929954,0.36252313758185994,24.21510762428854,96,10,4,0
25,10,78.1747193473109,0.6701295335564502,29.884875727767493,20,3,4,0
40,7,74.68081505356638,0.4686515848435448,26.356609665271048,38,4,0,0
45,5,74.38956574530005,0.22552507994011883,28.539957272434872,94,0,3,0
1,1,67.64141550677165,0.5062089795524713,27.72983209840278,45,0,3,1
16,17,75.83347070993243,0.5444532264896483,34.951192268525915,65,1,0,1
39,3,83.81284781432768,0.4041326277118297,27.06517156453839,90,7,4,0
5,13,65.26553258600524,0.73117701683854,28.11328961526095,35,6,1,0
22,14,74.94602623638465,0.41581222286154307,33.58641790579388,74,9,1,0
29,18,85.38388755734611,0.72166753732743,27.17509044483962,81,8,4,0
3,4,80.05424093216699,0.6193565559349953,32.11606187228509,64,4,3,0
12,18,88.09472896350712,0.6853211016088814,31.657426310108793,62,1,1,0
26,5,69.31857670165665,0.280289831838721,30.708829294805398,98,6,2,1
16,16,56.69231551605134,0.5196620384476205,24.32801808646755,34,7,2,0
37,1,77.00651803955687,0.4894343990850462,36.148871122609684,30,11,0,0
22,14,78.62570815026486,0.21559869501849338,41.10341898291557,27,6,4,0
29,15,88.68421954472674,0.7210121459605818,30.044140691336974,0,6,4,0
14,9,86.88145734706984,0.33651982061853003,24.768225633148123,24,11,1,0
28,15,80.36743623012461,0.3780864342328034,30.145513541625114,42,4,3,1
5,17,82.65390214170434,0.2973368328804548,34.949300702929996,83,1,4,0
47,4,73.0817854179336,0.6402372652140746,26.924061621421963,66,5,1,0
49,12,62.80885388680783,0.19481405624548082,29.35550407940905,62,3,1,0
30,5,76.1772121738091,0.6235749600929137,31.703270682060708,50,9,4,0
46,5,84.82573463627777,0.7089027972486921,36.01523926102962,1,1,1,1
5,11,81.56360869828549,0.6074356855251521,33.87711866544687,81,11,0,0
12,6,83.33807339159364,0.6425256967692858,34.08433984766131,63,8,0,1
16,7,70.72244312953248,0.6519092939156086,27.868657216617873,73,6,4,0
26,14,72.34453161981577,0.3101151346548472,32.009594775869616,68,5,3,0
26,11,79.83425488114604,0.7869469959328688,26.390183364374355,8,11,0,0
48,13,69.53492605491246,0.4079847491733003,34.227630499426056,1,4,0,0
21,2,69.84282930066998,0.4867224764820056,35.75609820392807,33,2,4,0
39,7,77.97982236377452,0.4334725363298082,32.766817843863116,59,11,2,0
36,4,82.60904743156908,0.5983084241754619,28.16294706602592,60,9,1,0
33,8,73.0047132667059,0.39239255137251555,28.98136435979201,30,9,0,0
30,19,63.36810538946361,0.5133831448474737,39.03258105331005,9,3,2,0
37,13,67.6419608495717,0.25293123657079897,28.24644777688252,75,2,3,0
23,14,77.03672084893098,0.7329330417003144,35.24997083725284,35,11,2,0
10,10,76.91520963865965,0.6341481891900407,31.69445799109261,84,10,4,0
5,11,77.41238137655348,0.4415480476196461,28.329317757700785,48,7,3,0
36,2,80.21295290595756,0.40617019399483795,23.276754862652872,69,2,3,0
34,9,75.0581055854245,0.6289256492635393,31.058001902942536,48,6,2,0
31,17,77.65056044840311,0.3585413238728076,30.45550433303061,2,6,4,0
10,3,74.54973177171134,0.5250730631530338,39.032673357296666,73,6,0,0
19,6,86.48733482929438,0.7322797574862812,25.69903652288751,4,6,2,0
32,5,89.32342031217502,0.3377485761725615,41.473842957738924,89,1,0,1
1,5,63.109887176199656,0.5737201658240406,31.894052647482965,60,9,2,0
5,15,72.44748057897746,0.5631450533870984,31.88914610611079,84,2,0,0
45,17,75.32724491540708,0.48053263626746345,27.03463932783885,89,9,2,0
4,9,72.33085287985679,0.39924208317921267,31.573531537772343,25,8,3,0
16,3,92.92922591330873,0.742959411378877,32.36525464116606,71,2,1,1
24,17,77.23955278089734,0.38048627284660674,34.686636459104385,4,1,3,0
16,10,66.94628172949656,0.13759221977407599,25.108388962040287,14,8,0,1
2,3,80.96442339560672,0.6281067183262068,37.03390427894019,15,9,4,1
49,18,77.70974538846193,0.2597393300464332,31.807077618859896,0,8,3,0
28,18,78.04192919553421,0.6383762289710174,33.04114447653656,15,3,1,0
32,17,93.0787615879919,0.7669806495686888,28.895288692476196,36,11,0,0
27,3,78.5078517575481,0.6259499756797349,25.359286808604747,2,8,3,0
20,3,71.96338476126004,0.7142822603774983,30.363623137016436,51,2,2,0
24,6,55.44723573689899,0.9040098213859294,30.93647774911609,46,6,4,0
12,13,73.34600981856488,0.6933520925217893,23.072858659427546,94,6,0,0
35,15,88.0596991732719,0.5661146785250871,33.966427025825624,12,10,3,0
33,9,74.08830880443813,0.8267896367047296,34.982623169482906,79,7,0,0
33,4,52.59950101480497,0.850955108969317,26.351676880894367,54,9,2,1
43,14,70.01637607807554,0.8537543566518841,24.887073248639542,20,3,1,0
37,5,84.92688538912792,0.40157129696079946,28.485193115628494,65,2,3,1
12,2,80.45817174562015,0.22919632830031916,30.1194754849315,53,2,0,0
3,11,66.60119103489265,0.38936156331302263,28.67914495042333,26,11,0,0
1,9,69.34715223600918,0.640728323158635,29.695410836146085,37,4,0,0
33,3,70.89291340897583,0.5318317890664211,31.10738848837958,89,10,1,0
40,9,68.3728622813707,0.4587038029646306,23.158655306371855,57,0,0,0
10,3,54.70326132260418,0.6120962797609871,23.733521863483674,61,9,4,0
43,2,82.63591100619855,0.20583898366534653,16.388611295384276,45,2,4,1
44,12,87.57059956689093,0.5282338597383083,34.71272614226736,88,5,0,0
29,10,59.8155105603526,0.7236915289695753,30.076135103087246,10,2,4,0
13,9,87.43852932586314,0.6098631289116457,35.239255657325785,71,4,3,1
12,15,73.96976798602785,0.6383619643667457,24.31131002094304,7,8,4,0
31,8,87.25132348167874,0.819474557990503,30.12203669766581,96,1,0,0
46,5,75.37950436290446,0.4867713430252666,31.074132530583007,70,10,2,0
2,11,76.3554459215863,0.36938166772993275,27.191087525849923,63,1,3,1
35,2,78.72434646982212,0.7379030085330084,22.23286100766604,20,11,1,0
23,15,67.09933674864722,0.7342241262067855,38.729356680675785,71,5,0,0
17,6,86.94674144328022,0.6116583349511594,36.99641670635025,62,5,1,0
26,8,63.78619361925215,0.46792579988351035,28.090338641373176,84,10,2,1
8,5,70.97933255483329,0.500275930201597,32.551138225848035,63,10,1,0
29,16,80.24264677643168,0.24464540957378267,27.576046618215535,19,7,0,1
26,18,69.90804759514536,0.7225893060414406,25.02298198487626,7,11,0,0
10,6,82.77531240814945,0.7155302619058287,39.13630752478507,57,10,2,0
26,5,88.75866173183957,0.23766344990664323,21.72315559297099,45,1,0,0
34,16,85.12546001053836,0.6735264167812272,28.572481515144425,30,8,2,0
41,13,55.638846863213786,0.5808203310018016,30.42161913621117,92,1,2,1
7,5,76.25846969619357,0.2956051779218407,38.25618289343643,8,0,0,0
4,13,85.28682610696391,0.2587999597855061,34.48294327118009,14,9,4,0
45,17,61.83251153177943,0.5746986538803445,21.638751127163406,93,1,2,0
11,18,82.23610587228875,0.4204591772186164,29.986248794829088,25,11,0,0
29,8,81.67460781639312,0.8639897701099342,30.105300991821796,9,6,4,0
36,13,62.879101080617346,0.6905196789297813,28.85830832350279,28,7,2,0
25,19,83.34232665740161,0.5947386273464454,33.099045537651506,79,4,4,0
21,3,77.72697793529935,0.6046158008004789,22.954465361220116,35,5,3,0
36,8,81.50381788721269,0.7661734360734336,27.95682043731665,83,11,3,0
10,2,65.33687614234867,0.6693036183454676,32.394093741065376,36,0,4,0
37,8,76.50136116371385,0.5999532876992045,33.397878425803206,85,5,2,0
9,13,57.95121445867676,0.303947764740498,30.747097367545983,70,11,0,0
24,13,52.23008792466949,1.1123893930812438,28.558038998498503,22,7,1,0
35,1,76.4082842652775,0.2793634485383534,29.400293631867637,40,2,0,1
49,6,86.0059760676131,0.4374914525799671,33.70203561188619,92,10,1,0
35,19,77.5293681426508,0.16905434471800046,30.1695039206273,79,0,1,1
48,16,74.36553936055854,0.6077596317538525,24.790762272797355,27,10,2,1
36,8,73.12465879945127,0.5302220874569615,23.832512080275485,47,3,4,0
18,1,65.57434608556935,0.6530552876729521,22.551812892819456,37,0,0,0
49,16,72.78139096204694,0.15218687377911322,37.27790409244677,30,7,4,1
39,9,79.21684468264445,0.7225811334761864,34.03730917806222,13,4,3,0
32,13,70.64777767199371,0.3385129197060771,29.467560584097264,96,0,2,0
24,11,82.50586853835776,0.47019896012722695,27.73103757417958,72,7,2,0
23,13,76.95975033864603,0.6863142537362129,27.130349960163212,90,8,3,0
32,10,78.16979417773406,0.5522533368263799,35.46618553791105,87,9,0,0
37,4,83.8866275355096,0.5663885113333728,39.5221675408737,76,1,3,0
12,6,69.7324456734501,0.6598357639810799,26.973035380362305,89,8,0,0
49,7,81.59380586186951,0.5857581279877448,35.69207760327855,28,7,1,0
13,5,71.13523282748025,0.4317784194902565,30.140064576794448,50,6,2,0
23,11,78.3951448381884,0.4667061743529542,28.937855350447666,48,2,0,0
25,13,68.54228649363432,0.5423757357303646,37.52107141414962,42,1,4,0
35,19,65.89296176935268,0.32088878129073306,29.949171396286115,91,6,4,1
41,10,75.91864745648493,0.6992017318777339,31.48182219627318,91,4,2,0
30,10,56.14799947978883,0.5577307861614968,31.24136966455723,71,5,3,0
17,11,72.03732556491119,0.5149552535843938,21.87200316670274,86,3,3,0
49,7,58.936229943908195,0.7384993118062941,31.44205574358031,92,1,0,0
20,18,82.79234034313608,0.47597727135772605,27.186539877798836,4,8,3,0
48,4,85.50110596108914,0.4635158005695166,22.894234299271893,41,2,2,1
25,2,66.36048778579195,0.40307424719920715,27.41431459775619,6,11,0,0
22,14,79.28312962473497,0.568613401785187,27.37305565181527,41,6,1,1
13,13,83.99135713687492,0.561690021666303,35.149412695651655,35,7,3,0
19,12,84.02469222501783,0.36674315989801864,24.681051919489843,26,1,3,0
49,7,77.14450833971641,0.46446120457732,26.050762804753727,57,5,0,0
36,2,82.34304675561496,0.36807954629615336,31.17694130274006,45,10,4,1
12,13,68.50668688079605,0.35902630923690193,23.371031143228763,65,7,3,0
41,14,75.8312246565668,0.15402043365463058,26.704966208838332,24,6,2,0
19,17,70.32896593209225,0.4538179492636889,21.67761632333389,72,10,3,1
12,9,67.66212026214636,0.1595573467839977,34.60005730002698,26,2,1,0
9,17,75.36063391469628,0.4074368627320978,28.49318439779907,0,0,3,0
7,8,78.47530376158075,0.37746107082447833,29.920410774988788,86,5,4,1
28,2,86.63508767954987,0.7103790114531209,34.58005159895545,73,7,3,0
14,13,77.65155527298887,0.2970130387380716,26.388655581730568,41,5,0,0
31,3,81.41930534961551,0.34776272303710487,28.44006495675998,51,4,3,0
19,16,81.53283173249538,0.4236951721616855,24.718360003471293,24,10,4,0
47,6,101.8753436569696,0.3839712696994448,24.707481395020938,53,11,0,0
16,19,56.899675967274206,0.7738509594843752,25.397085529970607,66,7,2,0
5,7,68.12066133162823,0.2722865253900761,27.537548045831674,5,1,0,0
35,10,89.7405605248808,0.4241191002028316,28.076022329134673,57,11,1,0
12,9,71.47986925146526,0.5664130498328813,31.4431607544919,69,0,0,1
25,2,83.8580313760172,0.6762366686084014,25.543915259790502,52,0,2,1
21,15,77.30009523762837,0.42395168881395934,31.598163379587383,65,3,3,0
36,5,96.05202401208011,0.11638007989924148,32.42500645761614,57,5,0,0
23,4,63.86945572936288,0.46997915568289905,27.66088908583867,81,8,0,1
16,4,87.21800552518813,0.770405695236143,25.976377137908095,86,0,0,0
39,18,92.495813052725,0.5564374814860854,30.42539515989995,1,11,0,0
45,4,64.85581122832001,0.5472835724719866,28.985412684947775,75,0,2,1
42,17,82.82870243581347,0.2873964016846007,31.101759146367726,21,4,4,0
39,12,65.34502014170944,0.266865681942267,37.849332181299836,36,9,4,0
14,17,75.30161572535125,0.5036083297268198,30.343185242138578,19,4,0,0
31,10,72.43412069817826,0.2147242155437184,26.80384719359934,23,4,2,0
5,1,50.97246065100313,0.6562724444725021,25.545551940289705,83,9,2,0
35,18,79.24234259711899,0.33067075022672754,25.738991843392082,64,5,0,0
23,18,76.43339167606231,0.49506854385370125,22.686168464444396,64,7,1,0
29,14,89.7907897340576,0.12284661624915155,34.6637180417279,80,2,0,0
43,15,81.11143654649543,0.42123962631129863,18.833605903221176,0,8,1,0
11,12,97.90883924078763,0.2628278905739594,32.440524088596526,93,0,0,0
18,4,76.07042382078714,0.035608716531637885,25.659680466623847,2,3,1,0
47,3,73.94469947997693,0.6083684178672635,27.437973926879412,45,8,1,0
12,12,73.15643349282904,0.8282319078183147,25.51006179227806,54,7,0,1
9,7,70.60411288968226,0.7258947178687892,37.229323298210154,74,9,1,0
10,11,52.92249083617431,0.636338137980761,30.081578008428885,87,8,3,0
44,1,72.79805372992043,0.4171757664108908,33.95189262521426,85,0,4,0
17,6,54.32145273564008,0.6611780457095653,36.502634292980034,63,8,2,0
38,15,79.52033344585769,0.7447706397147456,30.81702737011202,44,2,1,0
7,15,62.599397075294156,0.5273643659342586,24.02188114572394,25,10,1,0
46,19,66.0566737691158,0.26312796553759543,28.89678624942114,76,11,2,0
13,11,68.30589805167449,0.4001231402817258,26.288759932168986,64,9,1,0
40,2,72.95064962186754,0.8405392976695873,27.482479190563506,23,8,2,1
42,14,75.06868254939037,0.4850511663699667,29.526881036753554,73,0,0,0
9,2,85.8447958307307,-0.16495114398221933,29.32922178953868,34,0,3,0
27,4,69.22469906492447,0.20621530726596127,32.060545805101434,23,8,3,0
2,17,79.80146136222369,0.4151102593715037,32.786521468902436,27,10,4,0
5,3,102.30867233223567,0.7071650476835136,29.329274118667712,99,5,1,1
29,13,78.77350702763229,0.4453755295186176,32.01734459053959,79,3,4,0
37,9,73.19510211068366,0.710886330994652,27.25320072532279,15,6,0,0
38,7,67.20848348071702,0.3947675292905022,36.573899127982514,58,4,3,0
19,15,73.05668454579671,0.10714149555287733,27.17244355891177,80,9,0,0
8,11,66.13779656390594,0.4016877682803831,35.98593242311214,53,6,0,0
48,2,77.68661426683772,0.568989000309257,22.61966454114139,78,7,1,0
45,15,76.03544138639393,0.5523900698682627,28.09796371294577,15,7,0,1
1,14,53.37780779082207,0.24897845014867287,28.34510913193197,14,0,3,0
22,11,74.81441994233933,0.4297607596392469,31.39495897374237,97,7,4,0
17,3,85.76146312640013,1.0369348476128146,34.30908401609412,10,5,3,0
7,17,71.0088814779725,0.2533462347406247,23.75302398470236,64,3,1,0
25,12,68.47103227588438,0.6321446788927498,24.460084789785462,78,11,3,0
45,15,61.222992268831476,0.08066486028604086,22.99045966141881,89,7,2,0
4,16,56.42007958375596,0.6727583649139324,36.60092098599209,67,2,4,0
36,5,83.31349267063254,0.32153492196231065,31.488024713985613,42,3,2,0
6,6,73.18521670420805,0.580417651640588,24.578143957714385,68,5,2,1
31,19,82.72021562003422,0.24169487964635972,27.784525630219647,98,10,1,0
19,5,90.3132374457947,0.5581705600353414,35.908806978307474,12,6,0,1
44,3,84.21247684910345,0.31826994085171234,28.609403848443808,9,3,2,1
39,1,69.57627678561204,0.3569903634066749,28.314059311044137,74,3,3,0
27,6,76.44867664657555,0.5883972012790062,26.093516465884708,81,6,0,0
10,15,68.85227134843082,0.4139229047205968,24.875038430906187,97,5,3,0
26,2,67.91711537398336,0.5760762896432623,35.916619052215786,40,10,3,1
19,3,78.42815162402624,0.46183173627132984,38.3695079437103,49,7,0,0
39,17,66.67706116881827,0.513498736249455,25.07402798606326,86,0,0,0
3,12,52.908483809112994,0.5890172942706803,37.0247116460906,70,9,3,1
45,18,66.11852104272623,0.42999630908177183,27.563052918549474,58,10,1,0
13,15,71.93118851312627,0.30079004279964516,32.66823997684443,38,6,4,0
28,12,90.21398497831922,0.39353754681404196,37.05106902407204,2,11,4,0
20,16,70.09062550128635,0.7390278359666872,29.274617021481838,75,6,1,0
28,8,80.11924091029275,0.5232346168153099,28.360290398663203,6,10,0,0
8,14,73.3169176603793,0.33102030931790527,34.00540481894093,48,6,3,0
41,17,87.26405143870385,0.5803121216775438,24.450235814818754,25,6,4,0
39,8,86.57096385463959,0.5936631169878277,35.73530688920215,32,9,3,1
1,15,86.76175105239919,0.6039998151595621,30.714046962212915,47,9,1,0
3,14,57.660164705826475,0.30443255992574286,27.111247459229116,78,7,3,1
13,18,77.06724047244994,0.36352180114282096,26.979161983420727,1,8,1,1
28,7,82.58938600121948,0.3646341567225977,23.08268744085817,70,8,0,0
49,3,78.81538562589331,0.42787041758676164,27.319139166880053,31,1,1,0
25,12,81.36596325821829,0.6077838370287469,28.679811190027994,3,6,1,0
33,3,75.58351004285477,0.5592369609462027,24.69353234144259,19,6,4,0
38,14,67.55215793273473,0.5750433914314326,29.77267511935498,35,3,3,0
6,15,58.02902615013748,0.7708038284743046,32.36458542262748,31,8,4,0
44,14,68.54430571351524,0.637778186498326,28.932639320002906,27,7,2,0
45,7,101.78109873638392,0.4716396750007825,33.31362913259633,76,11,1,1
32,17,70.14348823909327,0.2632229647895001,25.964300085103318,0,0,2,0
45,12,55.40609773909256,0.3570905983058259,35.0169138210997,59,1,4,0
47,4,82.32649360729083,0.4476589864643546,30.60907352887429,55,1,3,0
21,9,83.55460008682645,0.6658259654672227,37.72628584877371,34,11,4,1
16,6,87.8732439015214,0.4945336131787813,42.07108656119367,29,11,3,0
21,16,79.7097850370678,0.36876080902231134,27.648782038483596,53,10,3,1
11,2,83.45601514466952,0.3534214228545548,27.85468061549271,35,7,0,0
37,8,93.40217134841991,0.48608435821575474,28.768789390256412,54,0,1,0
36,11,67.54526507937885,0.67799751244342,32.978511250877574,88,3,4,0
35,13,65.56149294576282,0.8182038611550235,36.62984985237545,79,9,3,0
19,17,64.0541346044707,0.4588462803940665,26.735957579150984,57,11,4,0
20,8,72.34230413506017,0.4910513638474804,31.906221332390363,82,4,4,0
18,18,89.33422419825169,0.25721165876852337,29.320363550721165,64,8,3,0
47,18,80.28068367746235,0.8878385138198932,33.090545512702946,68,6,2,1
41,14,79.88691952709218,0.2197994323687832,37.54728846703845,50,7,1,0
49,15,56.80692071335277,0.73433246235611,28.798358812834927,21,10,1,1
14,6,68.0681317276358,0.4269328093975059,21.650661666631347,87,8,0,0
15,11,56.64342367137963,0.3801267012319362,33.719508384401465,52,6,0,0
31,13,86.71245789321543,0.2779992856228146,25.83647390697274,99,4,0,0
1,1,90.85646492885732,0.9820097298814268,29.28442131518111,35,4,1,0
3,6,82.79566727240382,0.5442983246556788,33.93515418435807,67,9,2,0
16,9,65.13213954260455,0.5042560874208126,31.48697426765554,35,10,1,0
23,8,89.8202249361579,0.6773464719109085,29.491399872234776,51,5,1,0
11,11,72.4674508997479,0.3698334548740073,27.120591437708395,52,4,1,0
12,19,62.855407192473386,0.5003691910462011,15.500531098625006,81,11,1,0
10,9,65.35595745388308,0.5112672573624242,33.49160407878101,49,10,2,1
32,17,70.69843364408163,0.39757085353037336,28.73524150387118,79,8,0,0
16,12,75.49578520484707,0.7399276158371828,37.56668139177863,40,2,4,0
8,14,73.38655788348207,0.4562691177008192,31.99014014980935,17,2,0,0
38,15,60.873315818289726,0.18937358932623405,27.294373137325785,21,6,0,0
12,16,87.13316409185641,0.43970052729582526,35.334350441880204,65,6,4,0
24,1,73.49394080563157,0.5498357343427794,35.75564702979095,20,5,1,0
28,10,67.86246143729349,0.3213013532224783,28.90484092823761,99,2,2,0
8,8,86.10302361982764,0.3370810413659122,35.96822432786614,43,6,2,0
28,18,63.16593811733469,0.39074819237479186,27.223459723069766,46,4,0,0
36,1,58.71109816425485,0.7442471320133921,30.798238847039514,38,6,4,0
26,2,87.7248744659874,0.40256839547085876,32.8570419385939,28,1,3,0
8,1,93.91387849550338,0.7858234037102062,33.923907920070945,53,5,1,1
28,1,70.37903981348602,0.3770099123703329,33.10760924307945,89,7,0,0
28,9,74.54029992082855,0.5650028272513083,28.33671409718414,84,0,2,0
37,13,63.53335285479096,0.41075146515604977,35.468488203457206,16,3,4,1
41,1,75.05492550243393,0.6508166340580944,29.377863384467908,79,10,4,1
36,13,70.24294736268803,0.2763451690869442,27.154863188624034,59,0,0,0
27,7,73.97871559965,0.6485718959154463,27.228310163433346,30,0,3,0
17,2,79.09258387597242,0.5227738800619368,39.699941957381675,72,9,2,1
9,6,64.01854521969153,0.37200163664451014,26.290082859540277,94,11,0,0
33,7,71.38188660767433,0.4667557030579699,36.45817613380223,77,10,3,1
20,14,56.962185782218214,0.806770988206435,24.322666520949152,48,7,4,0
13,18,71.45012715886712,0.5275689009761567,32.43952722537093,1,6,1,0
28,15,74.06565929083,0.35945439681747227,31.485417257454174,47,11,2,0
48,2,77.28982425061078,0.2590613434343775,38.10613439863114,13,9,2,0
29,10,77.39576540363208,0.6010808546861994,26.727990524157427,58,0,3,1
13,12,84.03922750736857,0.5391690494021371,25.346678910198065,96,10,0,1
46,17,59.603334807266805,0.6390041390176447,29.417448108265088,98,1,4,0
35,8,60.13722970049706,0.20755505206203156,38.32400914620226,57,3,3,0
6,11,80.2895793639252,0.26554790942170003,25.57920760028116,57,0,1,1
18,3,54.61038722994584,0.7293758398503799,17.057916838979,50,2,1,0
5,6,76.83300212104993,0.5662683293558681,30.298839186866413,83,7,1,0
47,9,63.197070604101064,0.6066801702475124,34.747614589805046,1,7,3,0
25,6,90.72814640917181,0.3074625935784093,24.930970336800684,40,7,4,0
2,9,77.50452407727778,0.30380256033421627,34.23966086676632,82,5,2,0
10,7,72.80843980286939,0.6982517316384177,24.820445074937716,81,5,0,0
30,9,87.27720877139178,0.7076755309530298,29.267207321541605,15,4,2,0
45,18,64.3659799342905,0.28233610259418923,33.763411576430286,3,8,4,1
5,12,66.26590365912192,0.24412590082943098,24.062672991307807,11,3,2,0
33,8,62.38545166344891,0.47828140585751117,30.90756665753777,28,9,3,0
1,8,66.34960773651007,0.3401303093247987,36.074867556461186,6,11,1,0
18,18,75.61115609367388,0.33596462419079487,32.369670496056756,13,11,4,0
32,15,79.93951871993721,0.24972435071452148,26.39686971204616,11,11,4,0
47,7,84.61421685367543,0.40631323034392663,37.59359176358397,98,6,2,0
49,11,56.752759530992606,0.2690610514734268,33.29196255961245,4,0,3,0
11,16,73.28137013536708,0.2809198193981527,20.697760000378466,80,8,2,0
21,4,63.91835468809198,0.5596783693132609,34.32121807367113,31,6,2,0
26,6,72.94712908511899,0.4889603531425247,27.143128737913614,73,9,4,0
25,3,98.3416358012704,0.5969757363064263,30.982817738212322,42,11,2,0
22,9,77.91861762000015,0.17019331293013873,35.0400200214663,80,8,1,0
27,10,83.99464971148245,0.5019761219659526,27.251977076675832,68,6,2,0
49,14,94.60691272161047,0.9151275084331676,21.77203692979093,44,1,1,0
13,11,86.27358243174758,0.4255455031428802,37.52772595952914,8,5,4,1
33,18,70.52085520313015,0.6649498013144596,35.82291735600974,48,9,3,1
34,12,62.24167913430062,0.6632013697548846,29.56371993408527,32,11,1,0
41,12,74.69855730479149,0.6730397216002552,34.26710725746057,99,10,3,0
35,13,69.32294215781315,0.5333323374114646,28.153066339681576,99,3,3,0
1,13,59.75478713380826,0.6132171965488429,30.48485088380425,17,2,1,1
21,19,77.40924997289468,0.6398027240026011,29.2785602868163,8,1,4,0
48,19,77.65886298059333,0.6270892056628715,28.35527957321349,61,5,0,0
6,14,92.69116700263287,0.27651636529732077,31.796512900428773,56,7,3,0
28,4,71.38236931163186,0.15852310349120263,23.95910588177206,28,5,3,0
17,13,77.8012138896945,0.18928329131703858,28.742095846172106,77,8,4,1
5,8,68.34514585309785,0.4459680015234673,31.572397362417025,24,4,4,0
31,19,83.73169430693466,0.6187853468845289,39.19050353980818,14,1,2,0
5,12,73.7538220380987,0.27911774449768306,24.16232892343652,5,7,4,0
38,18,63.27408391147257,0.6847940917168808,32.602765288662134,41,8,3,0
3,6,74.86528178334842,0.39954496509842274,33.15074388213931,28,9,1,0
23,18,78.90522897565,0.4014489577611842,20.616406346586317,78,3,0,0
37,19,77.55273387413563,0.33277860082407995,32.05266007204626,92,5,2,1
37,5,85.4589671549587,0.12304272819674522,34.4014253949189,3,10,1,0
10,9,60.51943627959311,0.5458628256869293,32.94326339691217,81,9,0,0
10,3,66.57257409985058,0.8425335425677138,29.580363725636623,56,7,0,1
19,10,81.39787331795537,0.4874670952934873,31.666200182612144,48,8,0,0
17,19,67.74731022038928,0.12987367166102948,30.84922348624515,43,11,1,0
21,3,77.40471249330207,0.6560685623232893,21.552713308424025,79,4,2,0
14,15,50.802547525882375,0.17504040197940213,30.96660162377233,74,11,2,1
9,1,102.15946572312882,0.25819312060216293,28.16464797009164,13,5,0,0
46,7,72.30281468442664,0.45233236553728584,26.475889145010086,2,10,1,1
1,12,86.93956259988278,0.5245686877080395,42.42484976793327,61,3,0,0
45,17,71.63102174416508,0.2982671997666343,36.263078598097785,63,4,4,0
13,5,79.14698528730887,0.4445367886868039,24.24913969842806,44,6,2,0
4,4,89.91919646345272,0.643032480152137,31.733180982829197,81,8,3,0
1,12,86.65806019208385,0.6704357769616037,37.29012637782162,57,9,0,0
49,18,72.95545020314775,0.7502912843628529,22.51900422961999,19,10,4,0
40,17,73.64745674606307,0.8818837304586988,30.38491570703577,57,5,2,1
32,19,85.03566560183285,0.6619778643322234,30.620363628597467,88,5,1,0
34,9,98.33244404285301,0.4566526971191519,23.627535587504887,56,7,2,0
28,4,76.92282674399041,0.6718627582245945,31.89775152306115,76,10,1,0
31,2,94.57063640541641,0.5933432468010365,35.58123195259063,67,3,1,0
8,4,72.58585589579793,0.6012733955052509,37.54023795709577,77,2,0,0
39,2,84.51960363509802,0.5354437570143371,28.75317949187027,96,6,0,0
26,15,86.01155762247286,0.3175891795692187,42.50822517567556,91,4,2,0
34,2,70.90039496147227,0.294380718435614,19.710166233016224,51,1,4,0
3,4,67.52921920698358,0.4805763597849715,31.78108354907231,36,1,2,0
12,6,86.45389188547352,0.5297820151692744,22.938528400350723,7,10,3,1
1,7,69.68443062756943,0.3641118154136574,30.4509131874845,43,5,1,1
44,10,66.05650087324597,0.5846683897217151,27.390466249474855,97,7,1,0
5,19,68.16040498200903,0.9161531808078378,32.5343872819528,4,0,0,0
30,19,69.64386661574588,0.1511338561443485,29.365596429489027,68,10,4,0
30,12,83.56617104625677,0.6164488955127522,25.87007910986742,30,5,0,0
17,3,80.15042673276187,0.48680507582183796,26.1985452621801,44,11,3,0
48,13,82.15658244757891,0.590131111066931,39.66229748724776,8,1,2,0
47,18,79.21379811098083,0.41385705990794175,32.21761869231207,31,1,2,0
23,8,69.06159837753361,0.4707880229905666,21.48935646730806,32,6,4,0
15,15,81.97102855908273,0.5259000902016198,32.75393867558382,66,9,0,0
37,1,86.82453826605304,0.4396732232929479,29.026616688210012,29,0,0,0
21,3,80.84503216119309,0.1958917365260202,30.023005435485693,75,5,3,0
14,8,79.4965590662585,0.45321699387110936,34.09944076990899,28,6,2,1
2,4,67.32945493429324,0.2167132743607612,35.916135868564226,2,7,0,0
11,16,77.11817078974478,0.6306386221160619,25.705936360396556,89,6,4,0
39,10,66.79758670551298,0.12689097978437552,29.85129172922308,56,5,2,0
38,12,74.75972141919397,0.705730875891178,27.269444986307153,29,8,3,1
34,14,58.59733360774684,0.5859126000406959,32.984310905371316,8,2,4,0
38,14,58.67441597007907,0.5866777231467789,28.838477531319153,25,10,1,0
34,2,73.0895231005297,0.06713802643043204,30.146257398509377,1,5,3,1
18,5,69.51560328173011,0.43428011238168873,28.648616194949177,61,3,4,0
30,5,76.06787193474173,0.730712685731972,29.46940242215334,2,1,0,0
15,6,73.65231420884881,0.39627840419394106,38.52325502964068,45,0,1,0
27,13,75.30190787210155,0.2843875700072571,41.95383082383862,67,11,3,0
34,9,81.08607442356741,0.37266598099885756,31.88546046871238,24,11,0,0
38,15,70.36731044339167,0.4863444754721324,29.500151100915485,50,0,1,0
33,14,72.80556188355138,0.3297259099374378,22.021816195551587,12,10,2,0
24,7,89.55021222763163,0.7467634464178587,26.19790900094313,43,9,0,0
15,2,75.03084126825027,0.48706649400192153,29.36631982107047,34,2,4,0
30,7,73.20789525374612,0.38888613041041437,26.42468389681287,54,3,3,0
42,6,75.82512699323189,0.23973129463288412,26.95049618564039,86,1,1,0
17,17,73.3863562699047,0.5968893210557876,37.876947370280824,8,11,0,1
5,2,67.90427707046776,0.5923332589422726,30.14395406869241,1,10,2,0
29,3,65.0197016282028,0.3415582187630616,30.591059957009684,60,10,3,0
4,5,67.36568659849995,0.052734194337170914,26.629047198308868,40,10,3,0
10,5,83.72919186770787,0.5821524379151768,35.88772362384793,43,0,0,0
17,1,68.70094745281588,0.46263932174779954,28.93710686005716,63,3,2,0
10,8,73.45075398163723,0.5672142335851338,27.39568167424572,30,6,1,0
17,12,82.00736285132898,0.8914349067279277,22.09624591345279,46,9,0,0
20,4,72.21608829189022,0.49463363125818804,29.69449043124317,1,10,1,0
24,13,81.33361314843653,0.3972322766314456,27.239709991112992,95,5,3,0
5,15,59.59206957569133,0.2705356064703319,38.4228987300845,81,5,1,0
34,11,73.67483320458103,0.43751564170099017,39.21949346000975,76,10,2,0
6,10,75.78896096598508,0.5321154699231282,23.823597526168626,68,8,4,0
2,3,75.23138723098168,0.5106614841197521,24.389233810595012,57,1,2,0
13,14,58.470813021611164,0.8446930680134206,28.618401824367762,43,3,1,0
43,16,87.03112646430804,0.5998171130931885,25.91981052302864,73,4,0,0
43,10,66.45327055028584,0.473039825698558,31.087082878433566,55,0,3,0
48,10,78.35037125262467,0.35868788423330544,28.366882554572165,42,7,4,0
11,12,75.0796428264733,0.5533345527566641,31.402661702776292,88,7,0,1
47,9,85.03709523810677,0.3185983683234681,35.080467608234834,33,5,0,0
23,1,96.87488829374206,0.5359662159075813,24.678892448322465,29,11,2,0
16,5,62.09635515457164,0.5974827853809687,34.97605611238699,70,4,1,1
31,8,68.51086118727501,0.4567095554457105,26.356737928399117,69,7,2,0
11,11,76.89092493839053,0.37394271118697164,40.74241424574388,54,2,1,0
16,12,63.94646682447208,0.0629406305330188,38.10487983124694,66,2,2,0
8,1,82.8218260795576,0.7287673452840782,29.434598320568824,12,1,0,0
4,11,83.43372622157058,0.5806600780490563,25.18208277734979,2,4,3,0
40,5,80.59449075995038,0.5855234563169565,24.225670101627085,25,2,1,0
4,15,77.36581750876198,0.18772953284454003,34.36814251037265,56,2,4,0
25,5,88.69708777969781,0.7759677399480114,29.847986167347507,23,5,4,0
3,12,63.44374518331138,0.40695662667638394,34.63433442875979,52,7,0,0
32,5,75.65268195342553,0.4422409394601028,41.0211448464782,69,1,2,0
3,17,67.61197131269779,0.28614262891623493,26.148085306419382,42,3,2,0
27,17,83.89916332565168,0.1426108537320303,23.84930878120956,59,10,0,0
29,12,56.66658835493567,0.7314692623447134,30.96280117266313,57,6,4,0
32,15,74.7191613440702,0.7573194738795249,35.72379805726149,48,0,4,0
19,15,78.35238687069949,0.4668943697293345,25.297698551071214,41,0,2,0
21,6,65.52507865026226,0.36412308603872995,30.17312369379623,75,11,1,0
5,12,68.73809967778433,0.42459116617314835,36.85021830585495,99,9,3,0
18,18,75.15378981372106,0.43007700199289006,21.835610807548136,65,6,1,0
28,14,84.55096379441477,0.2600280555640803,31.176589807195498,10,6,4,0
42,2,64.67130771412945,0.44154895691123197,27.299484532006076,97,0,1,0
22,9,66.41550059625314,0.530620398586865,30.620782954856516,89,0,3,0
21,5,86.25587771040344,0.7036314495297504,33.54892145291844,17,3,1,0
6,1,72.27024600080165,0.5028488328027424,31.104042539440456,84,4,1,0
1,3,67.22460960155023,0.18472965822011278,24.948887989440724,99,4,1,0
5,6,82.28684797216916,0.5707095726397353,27.493769308832604,51,3,1,1
41,5,70.11803002767753,0.44881388766604935,37.13296490162233,45,7,0,0
12,5,85.27421535338775,0.7740819387967732,31.64466446962049,43,6,4,1
26,1,68.36279623020287,0.7858915604088015,34.20159563792424,21,8,3,1
46,17,73.40405438175004,0.79289086245346,31.25147655091521,52,6,4,0
34,19,84.44971665388732,0.3876824129253441,34.0455803412096,58,9,0,0
49,14,72.73739128826249,0.8979710146675115,28.019269550313393,93,0,0,0
14,12,82.56053322078647,0.5701885009791414,26.16244176616282,29,6,0,1
26,10,74.34452393218996,0.8252760811337265,33.81848857924024,7,0,0,0
45,18,94.81691806400029,0.3994760772336481,35.63687005222778,97,6,1,1
27,11,90.68778604102849,0.4402806524780747,25.42859344601679,56,9,4,0
9,2,61.71903737566252,0.5548054705344171,27.12027594288136,72,7,2,0
26,18,80.2224368124801,0.5303755219227879,29.183867858845467,19,10,3,0
47,7,66.83596013898958,0.7509623886938339,38.09912302491324,24,8,0,0
22,15,76.9150693879273,0.4535741362903091,32.815677275841296,18,11,4,0
47,11,75.68370629310262,0.7329229980620713,23.379565850670566,4,2,0,0
30,18,64.44612982907512,0.6464469014265307,29.535086042052495,74,3,0,1
43,12,85.58484543530325,0.4573215562785703,28.770606221247828,78,3,0,0
48,6,77.03302943569075,0.6309353234964626,24.13365221998035,71,11,0,0
17,13,72.15316964327417,0.40534699063339025,29.476040415526363,82,8,0,0
26,16,70.61890175756405,0.9700411600011443,28.549812801968137,86,6,3,0
36,18,76.39776969766235,-0.03286646421488937,28.191837381914205,26,2,4,0
1,10,79.07925017514286,0.6345886408990079,27.963093163090946,39,9,0,0
8,8,73.75024213641734,0.14708081814459056,37.356967741744015,95,4,0,0
49,18,46.674804292237916,0.45486865935638626,28.181484419497423,25,6,0,0
35,1,75.16890716242483,0.4828783821057508,30.248355281501322,26,7,0,0
15,8,60.58517938390223,0.8015267117827368,29.706176438616353,61,0,1,0
47,6,72.90547434350924,0.36156955758462195,27.47491574816332,82,11,1,0
22,5,60.954357429303585,0.7616023831323556,30.397523661838488,49,1,2,0
14,15,60.835023649205326,0.26423667195504064,30.326752980488816,41,6,0,0
26,15,87.35121821948528,0.7693339447509733,30.39878263449608,28,10,2,0
28,2,71.7990801905561,0.4051309116193054,25.703834289517893,38,1,3,0
23,1,71.03337840178082,0.5146869038482238,28.969377463736794,59,6,2,0
14,11,79.82524048828591,0.4327242673779192,33.80160937674929,40,8,4,1
24,10,71.29409476927547,0.7564726948231209,29.1009168430998,32,10,1,1
2,18,96.0380609212741,0.7175479686467495,30.808909563006292,82,1,1,0
45,18,72.2698023927398,0.588700344116905,30.835185003631775,82,6,0,0
26,17,78.6512541198301,0.26962632308264517,32.08697565366958,96,3,0,1
14,8,84.70941331376861,0.35699562639395144,32.79325457506906,15,10,3,0
7,15,91.0225322560691,0.2942846948987749,29.129246951253897,22,1,3,0
3,8,67.5799386434236,0.0503714226415673,25.44332348453952,6,6,4,0
47,17,70.82036496161355,0.7522636203700093,23.906423356625623,25,4,0,0
23,12,87.74591875293515,0.43443529473146064,35.08843206368179,95,0,0,1
46,8,83.10062304052691,0.4323012071415405,33.851252239855334,11,4,3,0
43,14,85.75175935668459,0.799220446685112,33.24682342168763,71,11,3,0
47,4,61.31295456440331,0.40480227952272646,34.05601763931337,4,11,3,0
45,1,90.47999753924019,0.33190581286281384,29.19222008187056,91,2,1,0
18,1,67.38592456715195,0.4550508758970031,26.87561791117225,68,6,2,1
38,19,76.92292978141896,0.27346618962462077,25.097962951009812,48,5,2,0
35,16,73.5177712240823,0.5688711538575912,24.553250017072504,25,7,0,0
15,14,66.2151716345193,0.42526758434716594,36.06079344275165,4,4,1,0
25,16,60.87464236578997,0.3985457178812375,27.534275721229257,21,1,3,1
37,5,57.56151883367102,0.38121936559593955,35.27429534605443,78,8,0,0
28,9,76.19018406053975,0.4787557012315977,29.065570848096744,12,10,1,0
10,2,59.74680909766544,0.5166962251039702,26.61879395878788,27,7,4,0
39,18,63.66184404913117,0.3960049823184956,24.528176012249283,32,5,1,0
17,6,72.81964121801781,0.42824681278097065,27.059228215061246,22,9,0,0
39,9,48.611914997401,0.48369543463613024,37.09119391453145,96,6,2,0
22,1,82.78979712044001,0.46351637289209224,24.578949601100938,17,8,3,0
26,9,50.90111832893192,0.5062151933750028,40.58373410739826,29,6,4,0
44,16,74.22627608667227,0.3646658393503972,25.79696286265178,25,2,1,0
25,13,75.15019226594289,0.7009185818252981,33.749749853256226,15,5,0,0
17,9,80.3806172018181,0.5193656354819034,29.273743528725056,76,10,0,0
13,13,74.58319197610106,0.39923064943502456,28.397202087369074,38,10,3,0
20,9,95.17907963833238,0.568876843475707,23.64289611437432,32,6,0,0
25,11,77.16316881568501,0.4851262802362571,29.508035086243808,25,1,0,0
4,4,85.5361239924366,0.15323472910326635,24.20857001816998,47,2,3,0
10,2,67.76537191129712,0.5681905380443253,21.592114501162797,64,3,4,0
3,6,76.20756806189468,0.29609875952316256,30.597993391087247,37,9,2,1
41,14,90.47570095028927,0.6868855566462615,26.822884465821225,1,5,2,0
45,4,72.62304875310359,0.4516500722213106,38.42174258062491,5,0,1,1
18,6,76.92234764195231,0.6560140594782128,35.00010857546411,45,8,4,0
47,19,84.80853449137476,0.37395628936047853,38.48716090668385,49,4,1,0
36,6,67.57770479808366,0.513985853428128,26.595585477460506,37,11,2,0
47,2,53.384396666808065,0.7420487001013752,30.680688700656436,87,6,3,0
22,18,77.55573653712369,0.4461966907170355,16.896645201594737,17,8,0,0
34,13,84.88669169358002,0.381836580252839,28.59098809656638,26,8,2,0
47,9,61.485542351080284,0.6310081227563579,30.492491740123405,40,0,4,1
8,19,81.70219897277339,0.6271323193501921,30.77024038850886,71,0,2,0
40,13,81.76966387339537,0.39025017331703626,29.788157947291637,91,2,4,1
49,11,52.26503740884696,0.1029077959164475,30.33296285875834,73,5,4,1
44,1,65.63711367593228,0.3779954045003288,16.433786829182942,16,1,4,0
19,7,71.04171219268338,0.6354719043372844,31.281109180409892,61,9,1,0
42,15,73.20375999764762,0.3449931621152552,32.41719945965019,28,11,3,0
41,1,67.56865735232016,0.4978124325967609,36.690127013144256,57,10,2,1
37,12,67.02997196417817,0.3685030124067312,31.843690296384654,69,0,3,0
6,7,91.71482891182092,0.11356656749479005,29.34631466643381,77,0,0,0
26,15,73.92440868141091,0.36490376459201446,35.52470961115486,21,4,2,0
34,19,68.0495633985026,0.6346264041379425,18.213328877002606,5,3,3,1
45,1,74.5883052308745,0.02594950398683754,27.42525734686428,25,0,3,0
6,17,80.37090833061144,0.5504334700951151,26.17095009970644,38,3,0,0
37,17,75.51626376711208,0.2627861537201174,29.827391000843445,11,2,4,0
33,3,72.94272409172027,0.6216884138948384,19.006535938854178,98,1,2,1
22,12,68.49983331329547,0.6428637871747307,36.59817831121859,13,8,2,0
21,6,68.37869154532402,0.4656104130177448,28.75095050157877,21,10,0,0
6,11,69.0219161351464,0.4660663682437556,31.59398345579467,50,0,4,0
6,3,78.38814600810737,0.3387274605727397,31.11545612529947,22,6,2,1
48,8,65.05819907598213,0.2308833199790068,36.31244947438475,47,3,2,0
4,14,78.93269223470222,0.8396185812667467,20.690249325629765,70,4,2,1
30,14,89.1299475562683,0.3269857145657744,30.561605827349062,49,9,4,0
11,10,78.257073578132,0.8135592262392946,35.7308913035243,88,4,0,0
30,2,71.30414471082862,0.32809999203996465,29.510067766396542,12,0,2,0
31,14,62.0187311494537,0.6050380780675457,25.24365303430849,84,5,3,1
24,9,90.78106807911514,0.272438568069273,26.980549421721072,9,8,4,0
9,3,63.29982349401088,0.604679003380403,28.03528999096798,54,1,1,1
3,8,83.48562034475748,0.4348825285693756,26.394749852385054,8,6,0,0
31,16,81.38517860594486,0.4374967678648659,29.2359444146632,78,5,3,0
40,2,72.6323139703594,0.6220046339568901,37.541237015925006,51,4,2,0
